{
  "color": {
    "bg": {
      "default": "#0B0F14",
      "elev": "#111827",
      "muted": "#0F172A"
    },
    "fg": {
      "default": "#E5E7EB",
      "muted": "#94A3B8",
      "inverted": "#0B0F14"
    },
    "brand": {
      "primary": "#22D3EE",
      "primary-600": "#0891B2",
      "accent": "#F97316"
    },
    "severity": {
      "CRIT": "#EF4444",
      "WARN": "#F59E0B",
      "INFO": "#22C55E"
    }
  },
  "radius": {
    "sm": "6px",
    "md": "10px",
    "lg": "14px"
  },
  "spacing": {
    "xs": "4px",
    "sm": "8px",
    "md": "12px",
    "lg": "16px",
    "xl": "24px",
    "2xl": "32px"
  },
  "font": {
    "family": "'Pretendard Variable', system-ui, -apple-system, 'Segoe UI', Roboto, 'Noto Sans KR', 'Apple SD Gothic Neo', 'Malgun Gothic', sans-serif"
  },
  "shadow": {
    "sm": "0 1px 2px rgba(0,0,0,.08)",
    "md": "0 3px 12px rgba(0,0,0,.15)",
    "lg": "0 10px 30px rgba(0,0,0,.25)"
  }
}
